nome,usuario,senha,turma_id
Henrique Viotto da Silva,Henrique.Silva,Silva,2
Iuri Brayn Jeronimo Santos Pereira,Iuri.Pereira,Pereira,2
Kevilly Fernandes da Silva,Kevilly.Silva,Silva,2
Pedro Kauânn de Oliveira Xavier,Pedro.Xavier,Xavier,2
Rafael Soares da Silva,Rafael.Silva,Silva,2
Steffany Kesia Souza Nunes,Steffany.Nunes,Nunes,2
Vitoria da Silva Menezes,Vitoria.Menezes,Menezes,2
Laura Pereira Aguiar,Laura.Aguiar,Aguiar,2
Miqueias Alves Gonçalves,Miqueias.Gonçalves,Gonçalves,2
Amanda Paula Ganda Lima,Amanda.Lima,Lima,2
Emanuelly Cristina Teofilo Vieira,Emanuelly.Vieira,Vieira,2
Gabriel dos Santos Vieira,Gabriel.Vieira,Vieira,2
Gabriel Ribeiro Costa,Gabriel.Costa,Costa,2
Guylherme da Silva Delfino,Guylherme.Delfino,Delfino,2
Ketlyn Rebeca Alves da Costa,Ketlyn.Costa,Costa,2
Raiane Silva de Oliveira,Raiane.Oliveira,Oliveira,2
Sulyara Torrente da Costa,Sulyara.Costa,Costa,2
Thalita Rodrigues,Thalita.Rodrigues,Rodrigues,2
Thauane Cristina Evencio Arruda,Thauane.Arruda,Arruda,2
Thayoane Cerqueira dos Santos,Thayoane.Santos,Santos,2
Eduardo Henrique Carvalho Batista,Eduardo.Batista,Batista,2
Leticia Goncalves Hubaryk,Leticia.Hubaryk,Hubaryk,2
Kauã Gabriel Ferreira Simões,Kauã.Simões,Simões,2
Adryele Dionizia Geronimo da Silva,Adryele.Silva,Silva,2
Kelly Cristina Borges Santana,Kelly.Santana,Santana,2
Mailon Camargo Gonçalves,Mailon.Gonçalves,Gonçalves,2
Maria Eduarda Saraiva de Abreu,Maria.Abreu,Abreu,2
Pedro Venâncio da Silva,Pedro.Silva,Silva,2
Victor Hugo Emiliano de Souza,Victor.Souza,Souza,2
Kely Cristina Cruz Gomes,Kely.Gomes,Gomes,2
Ryan Carlos Vieira Euzebio,Ryan.Euzebio,Euzebio,2
Lucas da Silva Reis,Lucas.Reis,Reis,2
Cleiton Domingos Belinge Vicentini,Cleiton.Vicentini,Vicentini,2
Carlos Henrique Fegueredo de Souza,Carlos.Souza,Souza,2
Grazielly Kethelen Vieira Pereira,Grazielly.Pereira,Pereira,2
Mikaelly Leal Mantaia,Mikaelly.Mantaia,Mantaia,2
Vitoria Valeria Espindola dos Anjos,Vitoria.Anjos,Anjos,2
Rafaela Ferreira dos Santos,Rafaela.Santos,Santos,2
Lorrayne Vitoria Rodrigues dos Santos,Lorrayne.Santos,Santos,2
Gabriel de Jesus Souza,Gabriel.Souza,Souza,2
Stefany Bispo Silva,Stefany.Silva,Silva,2
Jhullya Shauan Leal Cuzzuol,Jhullya.Cuzzuol,Cuzzuol,2
Eduardo Oliveira Martins,Eduardo.Martins,Martins,2
Ana Julia Castilho de Lima,Ana.Lima,Lima,2
Antony Bruno Tonetti Silva,Antony.Silva,Silva,2
Guilherme Araujo Cavalcante,Guilherme.Cavalcante,Cavalcante,2
Maria Clara Gomes do Nascimento,Maria.Nascimento,Nascimento,2
Kauanny Stefhanny de Oliveira Pires,Kauanny.Pires,Pires,2
Maria Eduarda Bezerra da Lapa,Maria.Lapa,Lapa,2
Giovana Ortega da Cruz,Giovana.Cruz,Cruz,2
Vinícius Ferreira Marques de Araújo,Vinícius.Araújo,Araújo,2
Kalliny Geremias da Silva Rabelo,Kalliny.Rabelo,Rabelo,2
Lauany Sofia Dias de Abreu,Lauany.Abreu,Abreu,2
Vitor Gabriel Santana,Vitor.Santana,Santana,2
Juliany Gomes Gondim,Juliany.Gondim,Gondim,2
Sandyelle Almeida de Oliveira,Sandyelle.Oliveira,Oliveira,2
Rayssa Nicolly Fernandes da Silva,Rayssa.Silva,Silva,2
Gabriely Ribeiro Miranda,Gabriely.Miranda,Miranda,2
Karen Oliveira Tonette,Karen.Tonette,Tonette,2
João Henrique Jatobá Espindola,João.Espindola,Espindola,2
Raissa Vitoria do Nascimento Lopes,Raissa.Lopes,Lopes,2
Kassia Elisanya Santos Favero,Kassia.Favero,Favero,2
Rauany Lopes,Rauany.Lopes,Lopes,2
Loana Taynã Santana Sousa,Loana.Sousa,Sousa,2
Nº de alunos matriculados - 64,Nº.64,64,2
ALUNOS ATIVOS - 55,ALUNOS.55,55,2