nome,usuario,turma_id,senha
Aldry Vitor Martins da Silva,Aldry.Silva,2,Silva
Julia Zaneti Peres,Julia.Peres,2,Peres
Fabricio Martins de Paula,Fabricio.Paula,2,Paula
Arthur Gabriel Pestana Ramos Menezes,Arthur.Menezes,2,Menezes
Danielly de Abreu Gomes,Danielly.Gomes,2,Gomes
Isis Gabrielle Tuesta Pereira,Isis.Pereira,2,Pereira
Carlos Henrique de Carvalho Maciel,Carlos.Maciel,2,Maciel
Guilherme Leonnes Moraes Lopes,Guilherme.Lopes,2,Lopes
Cauan Luciano Neves,Cauan.Neves,2,Neves
Hemmy Ferreira David,Hemmy.David,2,David
Kaua Viana de Oliveira Gomes,Kaua.Gomes,2,Gomes
Maria Luiza de Souza Barbosa dos Santos,Maria.Santos,2,Santos
Carlos Henrique da Silva Pontes,Carlos.Pontes,2,Pontes
João Victor Duarte Zabala Melgar,João.Melgar,2,Melgar
João Victor Nascimento Mattara,João.Mattara,2,Mattara
Philippe Rocha dos Santos,Philippe.Santos,2,Santos
Rubens Alexandre de Oliveira,Rubens.Oliveira,2,Oliveira
Ailton Pablo Raimundo Santos,Ailton.Santos,2,Santos
Amanda de Souza Lourenço,Amanda.Lourenço,2,Lourenço
Ana Caroline Almeida Melo,Ana.Melo,2,Melo
Ariany Gomes Lima,Ariany.Lima,2,Lima
Beatriz Correia da Silva,Beatriz.Silva,2,Silva
Celio Vinicius Figueiredo Miranda,Celio.Miranda,2,Miranda
Daniel Herculano de Souza,Daniel.Souza,2,Souza
Danielly Cristina Freitas de Oliveira,Danielly.Oliveira,2,Oliveira
Danielly Pereira Dutra,Danielly.Dutra,2,Dutra
Eduardo Alves Cortes,Eduardo.Cortes,2,Cortes
Gabriel Firmiano da Silva,Gabriel.Silva,2,Silva
Geovanna Ferreira Gati,Geovanna.Gati,2,Gati
Guilherme Alves Roberto do Nascimento,Guilherme.Nascimento,2,Nascimento
Guilherme Idalgo Loss,Guilherme.Loss,2,Loss
Heloisa Cristtine Faria Rosa,Heloisa.Rosa,2,Rosa
Isaac Jhohann Siqueira Silveira e Silva,Isaac.Silva,2,Silva
Izabeli Pacifico da Silva,Izabeli.Silva,2,Silva
Izabelly Morais do Amaral,Izabelly.Amaral,2,Amaral
Izabelly Sales da Silva,Izabelly.Silva,2,Silva
Jeferson Rodrigues Medina,Jeferson.Medina,2,Medina
Jefferson Alves de Jesus,Jefferson.Jesus,2,Jesus
João Antonio dos Santos Francisco,João.Francisco,2,Francisco
Joao Paulo Pereira Knispel,Joao.Knispel,2,Knispel
Johames Lucas Nascimento de Morais,Johames.Morais,2,Morais
Joseph Daniel de Sousa Barbosa,Joseph.Barbosa,2,Barbosa
Joyce Reis da Silva,Joyce.Silva,2,Silva
Julia Vieira do Nascimento,Julia.Nascimento,2,Nascimento
Juliana Vitoria Souza Pereira,Juliana.Pereira,2,Pereira
Jully Karoline Tanazildo da Silva,Jully.Silva,2,Silva
Kelli Naiara da Silva Amondawa,Kelli.Amondawa,2,Amondawa
Kelly Danieli Carvalho da Silva,Kelly.Silva,2,Silva
Kethelyn Kauany Barbosa Pereira,Kethelyn.Pereira,2,Pereira
Leticya Sthefany de Jesus Pereira da Costa,Leticya.Costa,2,Costa
Lucas de Oliveira Costa Rangel,Lucas.Rangel,2,Rangel
Lucas Vilas Boas Brito,Lucas.Brito,2,Brito
Luiz Eduardo Tenedini,Luiz.Tenedini,2,Tenedini
Luiz Henrique Oliveira Pimentel,Luiz.Pimentel,2,Pimentel
Maria Izabelly Cruz Oliveira,Maria.Oliveira,2,Oliveira
Mateus Rodrigues Praça,Mateus.Praça,2,Praça
Miguel Augusto Martins dos Santos,Miguel.Santos,2,Santos
Nicolly Soares Spagnol,Nicolly.Spagnol,2,Spagnol
Paulo Henrique de Oliveira Gomes,Paulo.Gomes,2,Gomes
Pedro Francisco Cardoso Leite,Pedro.Leite,2,Leite
Pedro Henrique Barbosa Krik,Pedro.Krik,2,Krik
Pedro Henrique Martins de Lima,Pedro.Lima,2,Lima
Pyetro Teixeira Souza,Pyetro.Souza,2,Souza
Rafael Soares Lima,Rafael.Lima,2,Lima
Raiane Alves de Macedo,Raiane.Macedo,2,Macedo
Sofia Maciel Cortes,Sofia.Cortes,2,Cortes
Sophia Maryna Oliveira Gomes,Sophia.Gomes,2,Gomes
Thaynara Meira Costa,Thaynara.Costa,2,Costa
Thiago Dutra da Silva,Thiago.Silva,2,Silva
Victor Rodrigueiro Ramos,Victor.Ramos,2,Ramos
Vinicius Abe,Vinicius.Abe,2,Abe
Vinicius de Araujo Batista,Vinicius.Batista,2,Batista
Vinicyus Henrike Andrade Oliveira Schmidt,Vinicyus.Schmidt,2,Schmidt
Vinycius Gabriel da Silva Macedo,Vinycius.Macedo,2,Macedo
Willian Lima Balles,Willian.Balles,2,Balles
Winicius Eduardo Neto Bruno,Winicius.Bruno,2,Bruno